timestamp,ns,key,val
1513968431766,test-ns,hello,world
1513968431776,test-ns,hello,world
1513968431786,test-ns,hello,world
1513968431796,test-ns,hello,world
1513968431806,test-ns,hello,world
1513968431816,test-ns,hello,world
1513968431826,test-ns,hello,world
1513968431837,test-ns,hello,world
1513968431847,test-ns,hello,world
1513968431857,test-ns,hello,world
1513968431867,test-ns,hello,world
1513968431877,test-ns,hello,world
1513968431887,test-ns,hello,world
1513968431897,test-ns,hello,world
1513968431908,test-ns,hello,world
1513968431918,test-ns,hello,world
1513968431928,test-ns,hello,world
1513968431938,test-ns,hello,world
1513968431948,test-ns,hello,world
1513968431958,test-ns,hello,world
1513968431968,test-ns,hello,world
1513968431979,test-ns,hello,world
1513968431989,test-ns,hello,world
1513968431999,test-ns,hello,world
1513968432009,test-ns,hello,world
1513968432019,test-ns,hello,world
1513968432029,test-ns,hello,world
1513968432039,test-ns,hello,world
1513968432050,test-ns,hello,world
1513968432060,test-ns,hello,world
1513968432070,test-ns,hello,world
1513968432080,test-ns,hello,world
1513968432090,test-ns,hello,world
1513968432100,test-ns,hello,world
1513968432110,test-ns,hello,world
1513968432121,test-ns,hello,world
1513968432131,test-ns,hello,world
1513968432141,test-ns,hello,world
1513968432151,test-ns,hello,world
1513968432161,test-ns,hello,world
1513968432171,test-ns,hello,world
1513968432182,test-ns,hello,world
1513968432192,test-ns,hello,world
1513968432202,test-ns,hello,world
1513968432212,test-ns,hello,world
1513968432222,test-ns,hello,world
1513968432232,test-ns,hello,world
1513968432243,test-ns,hello,world
1513968432253,test-ns,hello,world
1513968432263,test-ns,hello,world
1513968432273,test-ns,hello,world
1513968432283,test-ns,hello,world
1513968432293,test-ns,hello,world
1513968432303,test-ns,hello,world
1513968432314,test-ns,hello,world
1513968432324,test-ns,hello,world
1513968432334,test-ns,hello,world
1513968432344,test-ns,hello,world
1513968432354,test-ns,hello,world
1513968432364,test-ns,hello,world
1513968432374,test-ns,hello,world
1513968432385,test-ns,hello,world
1513968432395,test-ns,hello,world
1513968432405,test-ns,hello,world
1513968432415,test-ns,hello,world
1513968432425,test-ns,hello,world
1513968432435,test-ns,hello,world
1513968432445,test-ns,hello,world
1513968432456,test-ns,hello,world
1513968432466,test-ns,hello,world
1513968432476,test-ns,hello,world
1513968432486,test-ns,hello,world
1513968432496,test-ns,hello,world
1513968432506,test-ns,hello,world
1513968432516,test-ns,hello,world
1513968432527,test-ns,hello,world
1513968432537,test-ns,hello,world
1513968432547,test-ns,hello,world
1513968432557,test-ns,hello,world
1513968432567,test-ns,hello,world
1513968432577,test-ns,hello,world
1513968432587,test-ns,hello,world
1513968432598,test-ns,hello,world
1513968432608,test-ns,hello,world
1513968432618,test-ns,hello,world
1513968432628,test-ns,hello,world
1513968432638,test-ns,hello,world
1513968432648,test-ns,hello,world
1513968432659,test-ns,hello,world
1513968432669,test-ns,hello,world
1513968432679,test-ns,hello,world
1513968432689,logger,control,stop
